State,Date last accessed,Website,,,,,,,All profiles:,https://data.census.gov/profile/United_States?g=010XX00US#explore-your-state
Alabama,11/7/2024,https://data.census.gov/profile/Alabama?g=040XX00US01,,,,,,,,
Alaska,11/11/2024,https://data.census.gov/profile/Alaska?g=040XX00US02,,,,,,,,
Arizona,11/11/2024,https://data.census.gov/profile/Arizona?g=040XX00US04,,,,,,,,
Arkansas,11/11/2024,https://data.census.gov/profile/Arkansas?g=040XX00US05,,,,,,,,
California,11/11/2024,https://data.census.gov/profile/California?g=040XX00US06,,,,,,,,
Colorado,11/11/2024,https://data.census.gov/profile/Colorado?g=040XX00US08,,,,,,,,
Connecticut,11/18/2024,https://data.census.gov/profile/Connecticut?g=040XX00US09,,,,,,,,
Delaware,11/18/2024,https://data.census.gov/profile/Delaware?g=040XX00US10,,,,,,,,
Disrict of Columnbia,11/18/2024,https://data.census.gov/profile/District_of_Columbia?g=040XX00US11,,,,,,,,
Florida,,,,,,,,,,
Georgia,,,,,,,,,,
Hawaii,,,,,,,,,,
Idaho,,,,,,,,,,
Illinois,,,,,,,,,,
Indiana,,,,,,,,,,
Iowa,,,,,,,,,,
Kansas,,,,,,,,,,
Kentucky,,,,,,,,,,
Louisiana,,,,,,,,,,
Maine,,,,,,,,,,
Maryland,,,,,,,,,,
Massachuesetts,,,,,,,,,,
Michigan,,,,,,,,,,
Minnesota,,,,,,,,,,
Mississippi,,,,,,,,,,
Missouri,,,,,,,,,,
Montana,,,,,,,,,,
Nebraska,,,,,,,,,,
Nevada,,,,,,,,,,
New Hampshire,,,,,,,,,,
New Jersey,,,,,,,,,,
New Mexico,,,,,,,,,,
New York,,,,,,,,,,
North Carolina,,,,,,,,,,
North Dakota,,,,,,,,,,
Ohio,,,,,,,,,,
Oklahoma,,,,,,,,,,
Oregon,,,,,,,,,,
Pennsylvania,,,,,,,,,,
Rhode Island,,,,,,,,,,
South Carolina,,,,,,,,,,
South Dakota,,,,,,,,,,
Tennessee,,,,,,,,,,
Texas,,,,,,,,,,
Utah,,,,,,,,,,
Vermont,,,,,,,,,,
Virginia,,,,,,,,,,
Washington,,,,,,,,,,
West Virginia,,,,,,,,,,
Wisconsin,,,,,,,,,,
Wyoming,,,,,,,,,,
American Somoa,,,,,,,,,,
Guam,,,,,,,,,,
Norther Mariana Islands,,,,,,,,,,
Puerto Rico,,,,,,,,,,
US Virgin Islands,,,,,,,,,,
US Minor Outlying Islands,,,,,,,,,,
Baker Island,,,,,,,,,,
Howland Island,,,,,,,,,,
Jarvis Island,,,,,,,,,,
Johnston Atoll,,,,,,,,,,
Kingman Reef,,,,,,,,,,
Midway Atoll,,,,,,,,,,
Navassa Island,,,,,,,,,,
Palmyra Atoll,,,,,,,,,,
Marshall Islands,,,,,,,,,,
Micronesia,,,,,,,,,,
Palau,,,,,,,,,,
